date,sales_id,item_name,item_quantity,unit_price
05/04/2025,SID1755596366,pencil,4,7.00
06/04/2025,SID1755596385,pen,5,8.00
12/04/2025,SID1755596443,eraser,3,5.00
03/04/2025,SID1755596465,box,2,250.00
04/04/2025,SID1755596486,bag,3,300.00
11/04/2025,SID1755596518,water bottle,3,70.00
12/04/2025,SID1755596887,shoe,2,250.00
12/04/2022,SID1755604100,pencil,7,7.00
